FILE_SIZE,PACKET_SIZE,TRANSMISSIONS
1,8,129
1,16,65
1,24,43
1,32,33
1,40,26
1,48,22
1,56,19
1,64,17
1,72,15
1,80,13
1,88,12
1,96,11
1,104,10
1,112,10
1,120,9
1,128,9
1,136,8
1,144,8
1,152,7
1,160,7
1,168,7
1,176,6
1,184,6
1,192,6
1,200,6
1,208,5
1,216,5
1,224,5
1,232,5
1,240,5
1,248,5
1,256,5
1,264,4
1,272,4
1,280,4
1,288,4
1,296,4
1,304,4
1,312,4
1,320,4
1,328,4
1,336,4
1,344,3
1,352,3
1,360,3
1,368,3
1,376,3
1,384,3
1,392,3
1,400,3
1,408,3
1,416,3
1,424,3
1,432,3
1,440,3
1,448,3
1,456,3
1,464,3
1,472,3
1,480,3
1,488,3
1,496,3
1,504,3
1,512,3
2,8,257
2,16,129
2,24,86
2,32,65
2,40,52
2,48,43
2,56,37
2,64,33
2,72,29
2,80,26
2,88,24
2,96,22
2,104,20
2,112,19
2,120,18
2,128,17
2,136,16
2,144,15
2,152,14
2,160,13
2,168,13
2,176,12
2,184,12
2,192,11
2,200,11
2,208,10
2,216,10
2,224,10
2,232,9
2,240,9
2,248,9
2,256,9
2,264,8
2,272,8
2,280,8
2,288,8
2,296,7
2,304,7
2,312,7
2,320,7
2,328,7
2,336,7
2,344,6
2,352,6
2,360,6
2,368,6
2,376,6
2,384,6
2,392,6
2,400,6
2,408,6
2,416,5
2,424,5
2,432,5
2,440,5
2,448,5
2,456,5
2,464,5
2,472,5
2,480,5
2,488,5
2,496,5
2,504,5
2,512,5
3,8,385
3,16,193
3,24,129
3,32,97
3,40,77
3,48,65
3,56,55
3,64,49
3,72,43
3,80,39
3,88,35
3,96,33
3,104,30
3,112,28
3,120,26
3,128,25
3,136,23
3,144,22
3,152,21
3,160,20
3,168,19
3,176,18
3,184,17
3,192,17
3,200,16
3,208,15
3,216,15
3,224,14
3,232,14
3,240,13
3,248,13
3,256,13
3,264,12
3,272,12
3,280,11
3,288,11
3,296,11
3,304,11
3,312,10
3,320,10
3,328,10
3,336,10
3,344,9
3,352,9
3,360,9
3,368,9
3,376,9
3,384,9
3,392,8
3,400,8
3,408,8
3,416,8
3,424,8
3,432,8
3,440,7
3,448,7
3,456,7
3,464,7
3,472,7
3,480,7
3,488,7
3,496,7
3,504,7
3,512,7
4,8,513
4,16,257
4,24,171
4,32,129
4,40,103
4,48,86
4,56,74
4,64,65
4,72,57
4,80,52
4,88,47
4,96,43
4,104,40
4,112,37
4,120,35
4,128,33
4,136,31
4,144,29
4,152,27
4,160,26
4,168,25
4,176,24
4,184,23
4,192,22
4,200,21
4,208,20
4,216,19
4,224,19
4,232,18
4,240,18
4,248,17
4,256,17
4,264,16
4,272,16
4,280,15
4,288,15
4,296,14
4,304,14
4,312,14
4,320,13
4,328,13
4,336,13
4,344,12
4,352,12
4,360,12
4,368,12
4,376,11
4,384,11
4,392,11
4,400,11
4,408,11
4,416,10
4,424,10
4,432,10
4,440,10
4,448,10
4,456,9
4,464,9
4,472,9
4,480,9
4,488,9
4,496,9
4,504,9
4,512,9
5,8,641
5,16,321
5,24,214
5,32,161
5,40,129
5,48,107
5,56,92
5,64,81
5,72,72
5,80,65
5,88,59
5,96,54
5,104,50
5,112,46
5,120,43
5,128,41
5,136,38
5,144,36
5,152,34
5,160,33
5,168,31
5,176,30
5,184,28
5,192,27
5,200,26
5,208,25
5,216,24
5,224,23
5,232,23
5,240,22
5,248,21
5,256,21
5,264,20
5,272,19
5,280,19
5,288,18
5,296,18
5,304,17
5,312,17
5,320,17
5,328,16
5,336,16
5,344,15
5,352,15
5,360,15
5,368,14
5,376,14
5,384,14
5,392,14
5,400,13
5,408,13
5,416,13
5,424,13
5,432,12
5,440,12
5,448,12
5,456,12
5,464,12
5,472,11
5,480,11
5,488,11
5,496,11
5,504,11
5,512,11
6,8,769
6,16,385
6,24,257
6,32,193
6,40,154
6,48,129
6,56,110
6,64,97
6,72,86
6,80,77
6,88,70
6,96,65
6,104,60
6,112,55
6,120,52
6,128,49
6,136,46
6,144,43
6,152,41
6,160,39
6,168,37
6,176,35
6,184,34
6,192,33
6,200,31
6,208,30
6,216,29
6,224,28
6,232,27
6,240,26
6,248,25
6,256,25
6,264,24
6,272,23
6,280,22
6,288,22
6,296,21
6,304,21
6,312,20
6,320,20
6,328,19
6,336,19
6,344,18
6,352,18
6,360,18
6,368,17
6,376,17
6,384,17
6,392,16
6,400,16
6,408,16
6,416,15
6,424,15
6,432,15
6,440,14
6,448,14
6,456,14
6,464,14
6,472,14
6,480,13
6,488,13
6,496,13
6,504,13
6,512,13
7,8,897
7,16,449
7,24,299
7,32,225
7,40,180
7,48,150
7,56,129
7,64,113
7,72,100
7,80,90
7,88,82
7,96,75
7,104,69
7,112,65
7,120,60
7,128,57
7,136,53
7,144,50
7,152,48
7,160,45
7,168,43
7,176,41
7,184,39
7,192,38
7,200,36
7,208,35
7,216,34
7,224,33
7,232,31
7,240,30
7,248,29
7,256,29
7,264,28
7,272,27
7,280,26
7,288,25
7,296,25
7,304,24
7,312,23
7,320,23
7,328,22
7,336,22
7,344,21
7,352,21
7,360,20
7,368,20
7,376,20
7,384,19
7,392,19
7,400,18
7,408,18
7,416,18
7,424,17
7,432,17
7,440,17
7,448,17
7,456,16
7,464,16
7,472,16
7,480,15
7,488,15
7,496,15
7,504,15
7,512,15
8,8,1025
8,16,513
8,24,342
8,32,257
8,40,205
8,48,171
8,56,147
8,64,129
8,72,114
8,80,103
8,88,94
8,96,86
8,104,79
8,112,74
8,120,69
8,128,65
8,136,61
8,144,57
8,152,54
8,160,52
8,168,49
8,176,47
8,184,45
8,192,43
8,200,41
8,208,40
8,216,38
8,224,37
8,232,36
8,240,35
8,248,34
8,256,33
8,264,32
8,272,31
8,280,30
8,288,29
8,296,28
8,304,27
8,312,27
8,320,26
8,328,25
8,336,25
8,344,24
8,352,24
8,360,23
8,368,23
8,376,22
8,384,22
8,392,21
8,400,21
8,408,21
8,416,20
8,424,20
8,432,19
8,440,19
8,448,19
8,456,18
8,464,18
8,472,18
8,480,18
8,488,17
8,496,17
8,504,17
8,512,17
9,8,1153
9,16,577
9,24,385
9,32,289
9,40,231
9,48,193
9,56,165
9,64,145
9,72,129
9,80,116
9,88,105
9,96,97
9,104,89
9,112,83
9,120,77
9,128,73
9,136,68
9,144,65
9,152,61
9,160,58
9,168,55
9,176,53
9,184,51
9,192,49
9,200,47
9,208,45
9,216,43
9,224,42
9,232,40
9,240,39
9,248,38
9,256,37
9,264,35
9,272,34
9,280,33
9,288,33
9,296,32
9,304,31
9,312,30
9,320,29
9,328,29
9,336,28
9,344,27
9,352,27
9,360,26
9,368,26
9,376,25
9,384,25
9,392,24
9,400,24
9,408,23
9,416,23
9,424,22
9,432,22
9,440,21
9,448,21
9,456,21
9,464,20
9,472,20
9,480,20
9,488,19
9,496,19
9,504,19
9,512,19
10,8,1281
10,16,641
10,24,427
10,32,321
10,40,257
10,48,214
10,56,183
10,64,161
10,72,143
10,80,129
10,88,117
10,96,107
10,104,99
10,112,92
10,120,86
10,128,81
10,136,76
10,144,72
10,152,68
10,160,65
10,168,61
10,176,59
10,184,56
10,192,54
10,200,52
10,208,50
10,216,48
10,224,46
10,232,45
10,240,43
10,248,42
10,256,41
10,264,39
10,272,38
10,280,37
10,288,36
10,296,35
10,304,34
10,312,33
10,320,33
10,328,32
10,336,31
10,344,30
10,352,30
10,360,29
10,368,28
10,376,28
10,384,27
10,392,27
10,400,26
10,408,26
10,416,25
10,424,25
10,432,24
10,440,24
10,448,23
10,456,23
10,464,23
10,472,22
10,480,22
10,488,21
10,496,21
10,504,21
10,512,21
11,8,1409
11,16,705
11,24,470
11,32,353
11,40,282
11,48,235
11,56,202
11,64,177
11,72,157
11,80,141
11,88,129
11,96,118
11,104,109
11,112,101
11,120,94
11,128,89
11,136,83
11,144,79
11,152,75
11,160,71
11,168,68
11,176,65
11,184,62
11,192,59
11,200,57
11,208,55
11,216,53
11,224,51
11,232,49
11,240,47
11,248,46
11,256,45
11,264,43
11,272,42
11,280,41
11,288,40
11,296,39
11,304,38
11,312,37
11,320,36
11,328,35
11,336,34
11,344,33
11,352,33
11,360,32
11,368,31
11,376,30
11,384,30
11,392,29
11,400,29
11,408,28
11,416,28
11,424,27
11,432,27
11,440,26
11,448,26
11,456,25
11,464,25
11,472,24
11,480,24
11,488,24
11,496,23
11,504,23
11,512,23
12,8,1537
12,16,769
12,24,513
12,32,385
12,40,308
12,48,257
12,56,220
12,64,193
12,72,171
12,80,154
12,88,140
12,96,129
12,104,119
12,112,110
12,120,103
12,128,97
12,136,91
12,144,86
12,152,81
12,160,77
12,168,74
12,176,70
12,184,67
12,192,65
12,200,62
12,208,60
12,216,57
12,224,55
12,232,53
12,240,52
12,248,50
12,256,49
12,264,47
12,272,46
12,280,44
12,288,43
12,296,42
12,304,41
12,312,40
12,320,39
12,328,38
12,336,37
12,344,36
12,352,35
12,360,35
12,368,34
12,376,33
12,384,33
12,392,32
12,400,31
12,408,31
12,416,30
12,424,29
12,432,29
12,440,28
12,448,28
12,456,27
12,464,27
12,472,27
12,480,26
12,488,26
12,496,25
12,504,25
12,512,25
13,8,1665
13,16,833
13,24,555
13,32,417
13,40,333
13,48,278
13,56,238
13,64,209
13,72,185
13,80,167
13,88,152
13,96,139
13,104,129
13,112,119
13,120,111
13,128,105
13,136,98
13,144,93
13,152,88
13,160,84
13,168,80
13,176,76
13,184,73
13,192,70
13,200,67
13,208,65
13,216,62
13,224,60
13,232,58
13,240,56
13,248,54
13,256,53
13,264,51
13,272,49
13,280,48
13,288,47
13,296,45
13,304,44
13,312,43
13,320,42
13,328,41
13,336,40
13,344,39
13,352,38
13,360,37
13,368,37
13,376,36
13,384,35
13,392,34
13,400,34
13,408,33
13,416,33
13,424,32
13,432,31
13,440,31
13,448,30
13,456,30
13,464,29
13,472,29
13,480,28
13,488,28
13,496,27
13,504,27
13,512,27
14,8,1793
14,16,897
14,24,598
14,32,449
14,40,359
14,48,299
14,56,257
14,64,225
14,72,200
14,80,180
14,88,163
14,96,150
14,104,138
14,112,129
14,120,120
14,128,113
14,136,106
14,144,100
14,152,95
14,160,90
14,168,86
14,176,82
14,184,78
14,192,75
14,200,72
14,208,69
14,216,67
14,224,65
14,232,62
14,240,60
14,248,58
14,256,57
14,264,55
14,272,53
14,280,52
14,288,50
14,296,49
14,304,48
14,312,46
14,320,45
14,328,44
14,336,43
14,344,42
14,352,41
14,360,40
14,368,39
14,376,39
14,384,38
14,392,37
14,400,36
14,408,36
14,416,35
14,424,34
14,432,34
14,440,33
14,448,33
14,456,32
14,464,31
14,472,31
14,480,30
14,488,30
14,496,29
14,504,29
14,512,29
15,8,1921
15,16,961
15,24,641
15,32,481
15,40,385
15,48,321
15,56,275
15,64,241
15,72,214
15,80,193
15,88,175
15,96,161
15,104,148
15,112,138
15,120,129
15,128,121
15,136,113
15,144,107
15,152,102
15,160,97
15,168,92
15,176,88
15,184,84
15,192,81
15,200,77
15,208,74
15,216,72
15,224,69
15,232,67
15,240,65
15,248,62
15,256,61
15,264,59
15,272,57
15,280,55
15,288,54
15,296,52
15,304,51
15,312,50
15,320,49
15,328,47
15,336,46
15,344,45
15,352,44
15,360,43
15,368,42
15,376,41
15,384,41
15,392,40
15,400,39
15,408,38
15,416,37
15,424,37
15,432,36
15,440,35
15,448,35
15,456,34
15,464,34
15,472,33
15,480,33
15,488,32
15,496,31
15,504,31
15,512,31
16,8,2049
16,16,1025
16,24,683
16,32,513
16,40,410
16,48,342
16,56,293
16,64,257
16,72,228
16,80,205
16,88,187
16,96,171
16,104,158
16,112,147
16,120,137
16,128,129
16,136,121
16,144,114
16,152,108
16,160,103
16,168,98
16,176,94
16,184,90
16,192,86
16,200,82
16,208,79
16,216,76
16,224,74
16,232,71
16,240,69
16,248,67
16,256,65
16,264,63
16,272,61
16,280,59
16,288,57
16,296,56
16,304,54
16,312,53
16,320,52
16,328,50
16,336,49
16,344,48
16,352,47
16,360,46
16,368,45
16,376,44
16,384,43
16,392,42
16,400,41
16,408,41
16,416,40
16,424,39
16,432,38
16,440,38
16,448,37
16,456,36
16,464,36
16,472,35
16,480,35
16,488,34
16,496,34
16,504,33
16,512,33
17,8,2177
17,16,1089
17,24,726
17,32,545
17,40,436
17,48,363
17,56,311
17,64,273
17,72,242
17,80,218
17,88,198
17,96,182
17,104,168
17,112,156
17,120,146
17,128,137
17,136,129
17,144,121
17,152,115
17,160,109
17,168,104
17,176,99
17,184,95
17,192,91
17,200,88
17,208,84
17,216,81
17,224,78
17,232,76
17,240,73
17,248,71
17,256,69
17,264,66
17,272,65
17,280,63
17,288,61
17,296,59
17,304,58
17,312,56
17,320,55
17,328,54
17,336,52
17,344,51
17,352,50
17,360,49
17,368,48
17,376,47
17,384,46
17,392,45
17,400,44
17,408,43
17,416,42
17,424,42
17,432,41
17,440,40
17,448,39
17,456,39
17,464,38
17,472,37
17,480,37
17,488,36
17,496,36
17,504,35
17,512,35
18,8,2305
18,16,1153
18,24,769
18,32,577
18,40,461
18,48,385
18,56,330
18,64,289
18,72,257
18,80,231
18,88,210
18,96,193
18,104,178
18,112,165
18,120,154
18,128,145
18,136,136
18,144,129
18,152,122
18,160,116
18,168,110
18,176,105
18,184,101
18,192,97
18,200,93
18,208,89
18,216,86
18,224,83
18,232,80
18,240,77
18,248,75
18,256,73
18,264,70
18,272,68
18,280,66
18,288,65
18,296,63
18,304,61
18,312,60
18,320,58
18,328,57
18,336,55
18,344,54
18,352,53
18,360,52
18,368,51
18,376,50
18,384,49
18,392,48
18,400,47
18,408,46
18,416,45
18,424,44
18,432,43
18,440,42
18,448,42
18,456,41
18,464,40
18,472,40
18,480,39
18,488,38
18,496,38
18,504,37
18,512,37
19,8,2433
19,16,1217
19,24,811
19,32,609
19,40,487
19,48,406
19,56,348
19,64,305
19,72,271
19,80,244
19,88,222
19,96,203
19,104,188
19,112,174
19,120,163
19,128,153
19,136,144
19,144,136
19,152,129
19,160,122
19,168,116
19,176,111
19,184,106
19,192,102
19,200,98
19,208,94
19,216,91
19,224,87
19,232,84
19,240,82
19,248,79
19,256,77
19,264,74
19,272,72
19,280,70
19,288,68
19,296,66
19,304,65
19,312,63
19,320,61
19,328,60
19,336,58
19,344,57
19,352,56
19,360,55
19,368,53
19,376,52
19,384,51
19,392,50
19,400,49
19,408,48
19,416,47
19,424,46
19,432,46
19,440,45
19,448,44
19,456,43
19,464,42
19,472,42
19,480,41
19,488,40
19,496,40
19,504,39
19,512,39
20,8,2561
20,16,1281
20,24,854
20,32,641
20,40,513
20,48,427
20,56,366
20,64,321
20,72,285
20,80,257
20,88,233
20,96,214
20,104,197
20,112,183
20,120,171
20,128,161
20,136,151
20,144,143
20,152,135
20,160,129
20,168,122
20,176,117
20,184,112
20,192,107
20,200,103
20,208,99
20,216,95
20,224,92
20,232,89
20,240,86
20,248,83
20,256,81
20,264,78
20,272,76
20,280,74
20,288,72
20,296,70
20,304,68
20,312,66
20,320,65
20,328,63
20,336,61
20,344,60
20,352,59
20,360,57
20,368,56
20,376,55
20,384,54
20,392,53
20,400,52
20,408,51
20,416,50
20,424,49
20,432,48
20,440,47
20,448,46
20,456,45
20,464,45
20,472,44
20,480,43
20,488,42
20,496,42
20,504,41
20,512,41
21,8,2689
21,16,1345
21,24,897
21,32,673
21,40,538
21,48,449
21,56,385
21,64,337
21,72,299
21,80,269
21,88,245
21,96,225
21,104,207
21,112,193
21,120,180
21,128,169
21,136,159
21,144,150
21,152,142
21,160,135
21,168,129
21,176,123
21,184,117
21,192,113
21,200,108
21,208,104
21,216,100
21,224,97
21,232,93
21,240,90
21,248,87
21,256,85
21,264,82
21,272,80
21,280,77
21,288,75
21,296,73
21,304,71
21,312,69
21,320,68
21,328,66
21,336,65
21,344,63
21,352,62
21,360,60
21,368,59
21,376,58
21,384,57
21,392,55
21,400,54
21,408,53
21,416,52
21,424,51
21,432,50
21,440,49
21,448,49
21,456,48
21,464,47
21,472,46
21,480,45
21,488,45
21,496,44
21,504,43
21,512,43
22,8,2817
22,16,1409
22,24,939
22,32,705
22,40,564
22,48,470
22,56,403
22,64,353
22,72,313
22,80,282
22,88,257
22,96,235
22,104,217
22,112,202
22,120,188
22,128,177
22,136,166
22,144,157
22,152,149
22,160,141
22,168,135
22,176,129
22,184,123
22,192,118
22,200,113
22,208,109
22,216,105
22,224,101
22,232,98
22,240,94
22,248,91
22,256,89
22,264,86
22,272,83
22,280,81
22,288,79
22,296,77
22,304,75
22,312,73
22,320,71
22,328,69
22,336,68
22,344,66
22,352,65
22,360,63
22,368,62
22,376,60
22,384,59
22,392,58
22,400,57
22,408,56
22,416,55
22,424,54
22,432,53
22,440,52
22,448,51
22,456,50
22,464,49
22,472,48
22,480,47
22,488,47
22,496,46
22,504,45
22,512,45
23,8,2945
23,16,1473
23,24,982
23,32,737
23,40,589
23,48,491
23,56,421
23,64,369
23,72,328
23,80,295
23,88,268
23,96,246
23,104,227
23,112,211
23,120,197
23,128,185
23,136,174
23,144,164
23,152,155
23,160,148
23,168,141
23,176,134
23,184,129
23,192,123
23,200,118
23,208,114
23,216,110
23,224,106
23,232,102
23,240,99
23,248,95
23,256,93
23,264,90
23,272,87
23,280,85
23,288,82
23,296,80
23,304,78
23,312,76
23,320,74
23,328,72
23,336,71
23,344,69
23,352,67
23,360,66
23,368,65
23,376,63
23,384,62
23,392,61
23,400,59
23,408,58
23,416,57
23,424,56
23,432,55
23,440,54
23,448,53
23,456,52
23,464,51
23,472,50
23,480,50
23,488,49
23,496,48
23,504,47
23,512,47
24,8,3073
24,16,1537
24,24,1025
24,32,769
24,40,615
24,48,513
24,56,439
24,64,385
24,72,342
24,80,308
24,88,280
24,96,257
24,104,237
24,112,220
24,120,205
24,128,193
24,136,181
24,144,171
24,152,162
24,160,154
24,168,147
24,176,140
24,184,134
24,192,129
24,200,123
24,208,119
24,216,114
24,224,110
24,232,106
24,240,103
24,248,100
24,256,97
24,264,94
24,272,91
24,280,88
24,288,86
24,296,84
24,304,81
24,312,79
24,320,77
24,328,75
24,336,74
24,344,72
24,352,70
24,360,69
24,368,67
24,376,66
24,384,65
24,392,63
24,400,62
24,408,61
24,416,60
24,424,58
24,432,57
24,440,56
24,448,55
24,456,54
24,464,53
24,472,53
24,480,52
24,488,51
24,496,50
24,504,49
24,512,49
25,8,3201
25,16,1601
25,24,1067
25,32,801
25,40,641
25,48,534
25,56,458
25,64,401
25,72,356
25,80,321
25,88,291
25,96,267
25,104,247
25,112,229
25,120,214
25,128,201
25,136,189
25,144,178
25,152,169
25,160,161
25,168,153
25,176,146
25,184,140
25,192,134
25,200,129
25,208,124
25,216,119
25,224,115
25,232,111
25,240,107
25,248,104
25,256,101
25,264,97
25,272,95
25,280,92
25,288,89
25,296,87
25,304,85
25,312,83
25,320,81
25,328,79
25,336,77
25,344,75
25,352,73
25,360,72
25,368,70
25,376,69
25,384,67
25,392,66
25,400,65
25,408,63
25,416,62
25,424,61
25,432,60
25,440,59
25,448,58
25,456,57
25,464,56
25,472,55
25,480,54
25,488,53
25,496,52
25,504,51
25,512,51
26,8,3329
26,16,1665
26,24,1110
26,32,833
26,40,666
26,48,555
26,56,476
26,64,417
26,72,370
26,80,333
26,88,303
26,96,278
26,104,257
26,112,238
26,120,222
26,128,209
26,136,196
26,144,185
26,152,176
26,160,167
26,168,159
26,176,152
26,184,145
26,192,139
26,200,134
26,208,129
26,216,124
26,224,119
26,232,115
26,240,111
26,248,108
26,256,105
26,264,101
26,272,98
26,280,96
26,288,93
26,296,90
26,304,88
26,312,86
26,320,84
26,328,82
26,336,80
26,344,78
26,352,76
26,360,74
26,368,73
26,376,71
26,384,70
26,392,68
26,400,67
26,408,66
26,416,65
26,424,63
26,432,62
26,440,61
26,448,60
26,456,59
26,464,58
26,472,57
26,480,56
26,488,55
26,496,54
26,504,53
26,512,53
27,8,3457
27,16,1729
27,24,1153
27,32,865
27,40,692
27,48,577
27,56,494
27,64,433
27,72,385
27,80,346
27,88,315
27,96,289
27,104,266
27,112,247
27,120,231
27,128,217
27,136,204
27,144,193
27,152,182
27,160,173
27,168,165
27,176,158
27,184,151
27,192,145
27,200,139
27,208,133
27,216,129
27,224,124
27,232,120
27,240,116
27,248,112
27,256,109
27,264,105
27,272,102
27,280,99
27,288,97
27,296,94
27,304,91
27,312,89
27,320,87
27,328,85
27,336,83
27,344,81
27,352,79
27,360,77
27,368,76
27,376,74
27,384,73
27,392,71
27,400,70
27,408,68
27,416,67
27,424,66
27,432,65
27,440,63
27,448,62
27,456,61
27,464,60
27,472,59
27,480,58
27,488,57
27,496,56
27,504,55
27,512,55
28,8,3585
28,16,1793
28,24,1195
28,32,897
28,40,717
28,48,598
28,56,513
28,64,449
28,72,399
28,80,359
28,88,326
28,96,299
28,104,276
28,112,257
28,120,239
28,128,225
28,136,211
28,144,200
28,152,189
28,160,180
28,168,171
28,176,163
28,184,156
28,192,150
28,200,144
28,208,138
28,216,133
28,224,129
28,232,124
28,240,120
28,248,116
28,256,113
28,264,109
28,272,106
28,280,103
28,288,100
28,296,97
28,304,95
28,312,92
28,320,90
28,328,88
28,336,86
28,344,84
28,352,82
28,360,80
28,368,78
28,376,77
28,384,75
28,392,74
28,400,72
28,408,71
28,416,69
28,424,68
28,432,67
28,440,66
28,448,65
28,456,63
28,464,62
28,472,61
28,480,60
28,488,59
28,496,58
28,504,57
28,512,57
29,8,3713
29,16,1857
29,24,1238
29,32,929
29,40,743
29,48,619
29,56,531
29,64,465
29,72,413
29,80,372
29,88,338
29,96,310
29,104,286
29,112,266
29,120,248
29,128,233
29,136,219
29,144,207
29,152,196
29,160,186
29,168,177
29,176,169
29,184,162
29,192,155
29,200,149
29,208,143
29,216,138
29,224,133
29,232,129
29,240,124
29,248,120
29,256,117
29,264,113
29,272,110
29,280,107
29,288,104
29,296,101
29,304,98
29,312,96
29,320,93
29,328,91
29,336,89
29,344,87
29,352,85
29,360,83
29,368,81
29,376,79
29,384,78
29,392,76
29,400,75
29,408,73
29,416,72
29,424,71
29,432,69
29,440,68
29,448,67
29,456,66
29,464,65
29,472,63
29,480,62
29,488,61
29,496,60
29,504,59
29,512,59
30,8,3841
30,16,1921
30,24,1281
30,32,961
30,40,769
30,48,641
30,56,549
30,64,481
30,72,427
30,80,385
30,88,350
30,96,321
30,104,296
30,112,275
30,120,257
30,128,241
30,136,226
30,144,214
30,152,203
30,160,193
30,168,183
30,176,175
30,184,167
30,192,161
30,200,154
30,208,148
30,216,143
30,224,138
30,232,133
30,240,129
30,248,124
30,256,121
30,264,117
30,272,113
30,280,110
30,288,107
30,296,104
30,304,102
30,312,99
30,320,97
30,328,94
30,336,92
30,344,90
30,352,88
30,360,86
30,368,84
30,376,82
30,384,81
30,392,79
30,400,77
30,408,76
30,416,74
30,424,73
30,432,72
30,440,70
30,448,69
30,456,68
30,464,67
30,472,66
30,480,65
30,488,63
30,496,62
30,504,61
30,512,61
31,8,3969
31,16,1985
31,24,1323
31,32,993
31,40,794
31,48,662
31,56,567
31,64,497
31,72,441
31,80,397
31,88,361
31,96,331
31,104,306
31,112,284
31,120,265
31,128,249
31,136,234
31,144,221
31,152,209
31,160,199
31,168,189
31,176,181
31,184,173
31,192,166
31,200,159
31,208,153
31,216,147
31,224,142
31,232,137
31,240,133
31,248,129
31,256,125
31,264,121
31,272,117
31,280,114
31,288,111
31,296,108
31,304,105
31,312,102
31,320,100
31,328,97
31,336,95
31,344,93
31,352,91
31,360,89
31,368,87
31,376,85
31,384,83
31,392,81
31,400,80
31,408,78
31,416,77
31,424,75
31,432,74
31,440,73
31,448,71
31,456,70
31,464,69
31,472,68
31,480,67
31,488,66
31,496,65
31,504,63
31,512,63
32,8,4097
32,16,2049
32,24,1366
32,32,1025
32,40,820
32,48,683
32,56,586
32,64,513
32,72,456
32,80,410
32,88,373
32,96,342
32,104,316
32,112,293
32,120,274
32,128,257
32,136,241
32,144,228
32,152,216
32,160,205
32,168,196
32,176,187
32,184,179
32,192,171
32,200,164
32,208,158
32,216,152
32,224,147
32,232,142
32,240,137
32,248,133
32,256,129
32,264,125
32,272,121
32,280,118
32,288,114
32,296,111
32,304,108
32,312,106
32,320,103
32,328,100
32,336,98
32,344,96
32,352,94
32,360,92
32,368,90
32,376,88
32,384,86
32,392,84
32,400,82
32,408,81
32,416,79
32,424,78
32,432,76
32,440,75
32,448,74
32,456,72
32,464,71
32,472,70
32,480,69
32,488,68
32,496,67
32,504,66
32,512,65
33,8,4225
33,16,2113
33,24,1409
33,32,1057
33,40,845
33,48,705
33,56,604
33,64,529
33,72,470
33,80,423
33,88,385
33,96,353
33,104,325
33,112,302
33,120,282
33,128,265
33,136,249
33,144,235
33,152,223
33,160,212
33,168,202
33,176,193
33,184,184
33,192,177
33,200,169
33,208,163
33,216,157
33,224,151
33,232,146
33,240,141
33,248,137
33,256,133
33,264,129
33,272,125
33,280,121
33,288,118
33,296,115
33,304,112
33,312,109
33,320,106
33,328,104
33,336,101
33,344,99
33,352,97
33,360,94
33,368,92
33,376,90
33,384,89
33,392,87
33,400,85
33,408,83
33,416,82
33,424,80
33,432,79
33,440,77
33,448,76
33,456,75
33,464,73
33,472,72
33,480,71
33,488,70
33,496,69
33,504,68
33,512,67
34,8,4353
34,16,2177
34,24,1451
34,32,1089
34,40,871
34,48,726
34,56,622
34,64,545
34,72,484
34,80,436
34,88,396
34,96,363
34,104,335
34,112,311
34,120,291
34,128,273
34,136,257
34,144,242
34,152,230
34,160,218
34,168,208
34,176,198
34,184,190
34,192,182
34,200,175
34,208,168
34,216,162
34,224,156
34,232,151
34,240,146
34,248,141
34,256,137
34,264,132
34,272,129
34,280,125
34,288,121
34,296,118
34,304,115
34,312,112
34,320,109
34,328,107
34,336,104
34,344,102
34,352,99
34,360,97
34,368,95
34,376,93
34,384,91
34,392,89
34,400,88
34,408,86
34,416,84
34,424,83
34,432,81
34,440,80
34,448,78
34,456,77
34,464,76
34,472,74
34,480,73
34,488,72
34,496,71
34,504,70
34,512,69
35,8,4481
35,16,2241
35,24,1494
35,32,1121
35,40,897
35,48,747
35,56,641
35,64,561
35,72,498
35,80,449
35,88,408
35,96,374
35,104,345
35,112,321
35,120,299
35,128,281
35,136,264
35,144,249
35,152,236
35,160,225
35,168,214
35,176,204
35,184,195
35,192,187
35,200,180
35,208,173
35,216,166
35,224,161
35,232,155
35,240,150
35,248,145
35,256,141
35,264,136
35,272,132
35,280,129
35,288,125
35,296,122
35,304,118
35,312,115
35,320,113
35,328,110
35,336,107
35,344,105
35,352,102
35,360,100
35,368,98
35,376,96
35,384,94
35,392,92
35,400,90
35,408,88
35,416,87
35,424,85
35,432,83
35,440,82
35,448,81
35,456,79
35,464,78
35,472,76
35,480,75
35,488,74
35,496,73
35,504,72
35,512,71
36,8,4609
36,16,2305
36,24,1537
36,32,1153
36,40,922
36,48,769
36,56,659
36,64,577
36,72,513
36,80,461
36,88,419
36,96,385
36,104,355
36,112,330
36,120,308
36,128,289
36,136,272
36,144,257
36,152,243
36,160,231
36,168,220
36,176,210
36,184,201
36,192,193
36,200,185
36,208,178
36,216,171
36,224,165
36,232,159
36,240,154
36,248,149
36,256,145
36,264,140
36,272,136
36,280,132
36,288,129
36,296,125
36,304,122
36,312,119
36,320,116
36,328,113
36,336,110
36,344,108
36,352,105
36,360,103
36,368,101
36,376,99
36,384,97
36,392,95
36,400,93
36,408,91
36,416,89
36,424,87
36,432,86
36,440,84
36,448,83
36,456,81
36,464,80
36,472,79
36,480,77
36,488,76
36,496,75
36,504,74
36,512,73
37,8,4737
37,16,2369
37,24,1579
37,32,1185
37,40,948
37,48,790
37,56,677
37,64,593
37,72,527
37,80,474
37,88,431
37,96,395
37,104,365
37,112,339
37,120,316
37,128,297
37,136,279
37,144,264
37,152,250
37,160,237
37,168,226
37,176,216
37,184,206
37,192,198
37,200,190
37,208,183
37,216,176
37,224,170
37,232,164
37,240,158
37,248,153
37,256,149
37,264,144
37,272,140
37,280,136
37,288,132
37,296,129
37,304,125
37,312,122
37,320,119
37,328,116
37,336,113
37,344,111
37,352,108
37,360,106
37,368,103
37,376,101
37,384,99
37,392,97
37,400,95
37,408,93
37,416,92
37,424,90
37,432,88
37,440,87
37,448,85
37,456,84
37,464,82
37,472,81
37,480,79
37,488,78
37,496,77
37,504,76
37,512,75
38,8,4865
38,16,2433
38,24,1622
38,32,1217
38,40,973
38,48,811
38,56,695
38,64,609
38,72,541
38,80,487
38,88,443
38,96,406
38,104,375
38,112,348
38,120,325
38,128,305
38,136,287
38,144,271
38,152,257
38,160,244
38,168,232
38,176,222
38,184,212
38,192,203
38,200,195
38,208,188
38,216,181
38,224,174
38,232,168
38,240,163
38,248,157
38,256,153
38,264,148
38,272,144
38,280,139
38,288,136
38,296,132
38,304,129
38,312,125
38,320,122
38,328,119
38,336,116
38,344,114
38,352,111
38,360,109
38,368,106
38,376,104
38,384,102
38,392,100
38,400,98
38,408,96
38,416,94
38,424,92
38,432,91
38,440,89
38,448,87
38,456,86
38,464,84
38,472,83
38,480,82
38,488,80
38,496,79
38,504,78
38,512,77
39,8,4993
39,16,2497
39,24,1665
39,32,1249
39,40,999
39,48,833
39,56,714
39,64,625
39,72,555
39,80,500
39,88,454
39,96,417
39,104,385
39,112,357
39,120,333
39,128,313
39,136,294
39,144,278
39,152,263
39,160,250
39,168,238
39,176,227
39,184,218
39,192,209
39,200,200
39,208,193
39,216,185
39,224,179
39,232,173
39,240,167
39,248,162
39,256,157
39,264,152
39,272,147
39,280,143
39,288,139
39,296,135
39,304,132
39,312,129
39,320,125
39,328,122
39,336,119
39,344,117
39,352,114
39,360,111
39,368,109
39,376,107
39,384,105
39,392,102
39,400,100
39,408,98
39,416,97
39,424,95
39,432,93
39,440,91
39,448,90
39,456,88
39,464,87
39,472,85
39,480,84
39,488,82
39,496,81
39,504,80
39,512,79
40,8,5121
40,16,2561
40,24,1707
40,32,1281
40,40,1025
40,48,854
40,56,732
40,64,641
40,72,569
40,80,513
40,88,466
40,96,427
40,104,394
40,112,366
40,120,342
40,128,321
40,136,302
40,144,285
40,152,270
40,160,257
40,168,244
40,176,233
40,184,223
40,192,214
40,200,205
40,208,197
40,216,190
40,224,183
40,232,177
40,240,171
40,248,166
40,256,161
40,264,156
40,272,151
40,280,147
40,288,143
40,296,139
40,304,135
40,312,132
40,320,129
40,328,125
40,336,122
40,344,120
40,352,117
40,360,114
40,368,112
40,376,109
40,384,107
40,392,105
40,400,103
40,408,101
40,416,99
40,424,97
40,432,95
40,440,94
40,448,92
40,456,90
40,464,89
40,472,87
40,480,86
40,488,84
40,496,83
40,504,82
40,512,81
41,8,5249
41,16,2625
41,24,1750
41,32,1313
41,40,1050
41,48,875
41,56,750
41,64,657
41,72,584
41,80,525
41,88,478
41,96,438
41,104,404
41,112,375
41,120,350
41,128,329
41,136,309
41,144,292
41,152,277
41,160,263
41,168,250
41,176,239
41,184,229
41,192,219
41,200,210
41,208,202
41,216,195
41,224,188
41,232,181
41,240,175
41,248,170
41,256,165
41,264,160
41,272,155
41,280,150
41,288,146
41,296,142
41,304,139
41,312,135
41,320,132
41,328,129
41,336,125
41,344,123
41,352,120
41,360,117
41,368,115
41,376,112
41,384,110
41,392,108
41,400,105
41,408,103
41,416,101
41,424,100
41,432,98
41,440,96
41,448,94
41,456,93
41,464,91
41,472,89
41,480,88
41,488,87
41,496,85
41,504,84
41,512,83
42,8,5377
42,16,2689
42,24,1793
42,32,1345
42,40,1076
42,48,897
42,56,769
42,64,673
42,72,598
42,80,538
42,88,489
42,96,449
42,104,414
42,112,385
42,120,359
42,128,337
42,136,317
42,144,299
42,152,283
42,160,269
42,168,257
42,176,245
42,184,234
42,192,225
42,200,216
42,208,207
42,216,200
42,224,193
42,232,186
42,240,180
42,248,174
42,256,169
42,264,163
42,272,159
42,280,154
42,288,150
42,296,146
42,304,142
42,312,138
42,320,135
42,328,132
42,336,129
42,344,126
42,352,123
42,360,120
42,368,117
42,376,115
42,384,113
42,392,110
42,400,108
42,408,106
42,416,104
42,424,102
42,432,100
42,440,98
42,448,97
42,456,95
42,464,93
42,472,92
42,480,90
42,488,89
42,496,87
42,504,86
42,512,85
43,8,5505
43,16,2753
43,24,1835
43,32,1377
43,40,1101
43,48,918
43,56,787
43,64,689
43,72,612
43,80,551
43,88,501
43,96,459
43,104,424
43,112,394
43,120,367
43,128,345
43,136,324
43,144,306
43,152,290
43,160,276
43,168,263
43,176,251
43,184,240
43,192,230
43,200,221
43,208,212
43,216,204
43,224,197
43,232,190
43,240,184
43,248,178
43,256,173
43,264,167
43,272,162
43,280,158
43,288,153
43,296,149
43,304,145
43,312,142
43,320,138
43,328,135
43,336,132
43,344,129
43,352,126
43,360,123
43,368,120
43,376,118
43,384,115
43,392,113
43,400,111
43,408,108
43,416,106
43,424,104
43,432,102
43,440,101
43,448,99
43,456,97
43,464,95
43,472,94
43,480,92
43,488,91
43,496,89
43,504,88
43,512,87
44,8,5633
44,16,2817
44,24,1878
44,32,1409
44,40,1127
44,48,939
44,56,805
44,64,705
44,72,626
44,80,564
44,88,513
44,96,470
44,104,434
44,112,403
44,120,376
44,128,353
44,136,332
44,144,313
44,152,297
44,160,282
44,168,269
44,176,257
44,184,245
44,192,235
44,200,226
44,208,217
44,216,209
44,224,202
44,232,195
44,240,188
44,248,182
44,256,177
44,264,171
44,272,166
44,280,161
44,288,157
44,296,153
44,304,149
44,312,145
44,320,141
44,328,138
44,336,135
44,344,131
44,352,129
44,360,126
44,368,123
44,376,120
44,384,118
44,392,115
44,400,113
44,408,111
44,416,109
44,424,107
44,432,105
44,440,103
44,448,101
44,456,99
44,464,98
44,472,96
44,480,94
44,488,93
44,496,91
44,504,90
44,512,89
45,8,5761
45,16,2881
45,24,1921
45,32,1441
45,40,1153
45,48,961
45,56,823
45,64,721
45,72,641
45,80,577
45,88,524
45,96,481
45,104,444
45,112,412
45,120,385
45,128,361
45,136,339
45,144,321
45,152,304
45,160,289
45,168,275
45,176,262
45,184,251
45,192,241
45,200,231
45,208,222
45,216,214
45,224,206
45,232,199
45,240,193
45,248,186
45,256,181
45,264,175
45,272,170
45,280,165
45,288,161
45,296,156
45,304,152
45,312,148
45,320,145
45,328,141
45,336,138
45,344,134
45,352,131
45,360,129
45,368,126
45,376,123
45,384,121
45,392,118
45,400,116
45,408,113
45,416,111
45,424,109
45,432,107
45,440,105
45,448,103
45,456,102
45,464,100
45,472,98
45,480,97
45,488,95
45,496,93
45,504,92
45,512,91
46,8,5889
46,16,2945
46,24,1963
46,32,1473
46,40,1178
46,48,982
46,56,842
46,64,737
46,72,655
46,80,589
46,88,536
46,96,491
46,104,453
46,112,421
46,120,393
46,128,369
46,136,347
46,144,328
46,152,310
46,160,295
46,168,281
46,176,268
46,184,257
46,192,246
46,200,236
46,208,227
46,216,219
46,224,211
46,232,204
46,240,197
46,248,190
46,256,185
46,264,179
46,272,174
46,280,169
46,288,164
46,296,160
46,304,155
46,312,151
46,320,148
46,328,144
46,336,141
46,344,137
46,352,134
46,360,131
46,368,129
46,376,126
46,384,123
46,392,121
46,400,118
46,408,116
46,416,114
46,424,112
46,432,110
46,440,108
46,448,106
46,456,104
46,464,102
46,472,100
46,480,99
46,488,97
46,496,95
46,504,94
46,512,93
47,8,6017
47,16,3009
47,24,2006
47,32,1505
47,40,1204
47,48,1003
47,56,860
47,64,753
47,72,669
47,80,602
47,88,547
47,96,502
47,104,463
47,112,430
47,120,402
47,128,377
47,136,354
47,144,335
47,152,317
47,160,301
47,168,287
47,176,274
47,184,262
47,192,251
47,200,241
47,208,232
47,216,223
47,224,215
47,232,208
47,240,201
47,248,195
47,256,189
47,264,183
47,272,177
47,280,172
47,288,168
47,296,163
47,304,159
47,312,155
47,320,151
47,328,147
47,336,144
47,344,140
47,352,137
47,360,134
47,368,131
47,376,129
47,384,126
47,392,123
47,400,121
47,408,118
47,416,116
47,424,114
47,432,112
47,440,110
47,448,108
47,456,106
47,464,104
47,472,102
47,480,101
47,488,99
47,496,98
47,504,96
47,512,95
48,8,6145
48,16,3073
48,24,2049
48,32,1537
48,40,1229
48,48,1025
48,56,878
48,64,769
48,72,683
48,80,615
48,88,559
48,96,513
48,104,473
48,112,439
48,120,410
48,128,385
48,136,362
48,144,342
48,152,324
48,160,308
48,168,293
48,176,280
48,184,268
48,192,257
48,200,246
48,208,237
48,216,228
48,224,220
48,232,212
48,240,205
48,248,199
48,256,193
48,264,187
48,272,181
48,280,176
48,288,171
48,296,167
48,304,162
48,312,158
48,320,154
48,328,150
48,336,147
48,344,143
48,352,140
48,360,137
48,368,134
48,376,131
48,384,129
48,392,126
48,400,123
48,408,121
48,416,119
48,424,116
48,432,114
48,440,112
48,448,110
48,456,108
48,464,106
48,472,105
48,480,103
48,488,101
48,496,100
48,504,98
48,512,97
49,8,6273
49,16,3137
49,24,2091
49,32,1569
49,40,1255
49,48,1046
49,56,897
49,64,785
49,72,697
49,80,628
49,88,571
49,96,523
49,104,483
49,112,449
49,120,419
49,128,393
49,136,369
49,144,349
49,152,331
49,160,314
49,168,299
49,176,286
49,184,273
49,192,262
49,200,251
49,208,242
49,216,233
49,224,225
49,232,217
49,240,210
49,248,203
49,256,197
49,264,191
49,272,185
49,280,180
49,288,175
49,296,170
49,304,166
49,312,161
49,320,157
49,328,153
49,336,150
49,344,146
49,352,143
49,360,140
49,368,137
49,376,134
49,384,131
49,392,129
49,400,126
49,408,123
49,416,121
49,424,119
49,432,117
49,440,115
49,448,113
49,456,111
49,464,109
49,472,107
49,480,105
49,488,103
49,496,102
49,504,100
49,512,99
50,8,6401
50,16,3201
50,24,2134
50,32,1601
50,40,1281
50,48,1067
50,56,915
50,64,801
50,72,712
50,80,641
50,88,582
50,96,534
50,104,493
50,112,458
50,120,427
50,128,401
50,136,377
50,144,356
50,152,337
50,160,321
50,168,305
50,176,291
50,184,279
50,192,267
50,200,257
50,208,247
50,216,238
50,224,229
50,232,221
50,240,214
50,248,207
50,256,201
50,264,194
50,272,189
50,280,183
50,288,178
50,296,173
50,304,169
50,312,165
50,320,161
50,328,157
50,336,153
50,344,149
50,352,146
50,360,143
50,368,140
50,376,137
50,384,134
50,392,131
50,400,129
50,408,126
50,416,124
50,424,121
50,432,119
50,440,117
50,448,115
50,456,113
50,464,111
50,472,109
50,480,107
50,488,105
50,496,104
50,504,102
50,512,101
51,8,6529
51,16,3265
51,24,2177
51,32,1633
51,40,1306
51,48,1089
51,56,933
51,64,817
51,72,726
51,80,653
51,88,594
51,96,545
51,104,503
51,112,467
51,120,436
51,128,409
51,136,385
51,144,363
51,152,344
51,160,327
51,168,311
51,176,297
51,184,284
51,192,273
51,200,262
51,208,252
51,216,242
51,224,234
51,232,226
51,240,218
51,248,211
51,256,205
51,264,198
51,272,193
51,280,187
51,288,182
51,296,177
51,304,172
51,312,168
51,320,164
51,328,160
51,336,156
51,344,152
51,352,149
51,360,146
51,368,142
51,376,139
51,384,137
51,392,134
51,400,131
51,408,129
51,416,126
51,424,124
51,432,121
51,440,119
51,448,117
51,456,115
51,464,113
51,472,111
51,480,109
51,488,108
51,496,106
51,504,104
51,512,103
52,8,6657
52,16,3329
52,24,2219
52,32,1665
52,40,1332
52,48,1110
52,56,951
52,64,833
52,72,740
52,80,666
52,88,606
52,96,555
52,104,513
52,112,476
52,120,444
52,128,417
52,136,392
52,144,370
52,152,351
52,160,333
52,168,317
52,176,303
52,184,290
52,192,278
52,200,267
52,208,257
52,216,247
52,224,238
52,232,230
52,240,222
52,248,215
52,256,209
52,264,202
52,272,196
52,280,191
52,288,185
52,296,180
52,304,176
52,312,171
52,320,167
52,328,163
52,336,159
52,344,155
52,352,152
52,360,148
52,368,145
52,376,142
52,384,139
52,392,136
52,400,134
52,408,131
52,416,129
52,424,126
52,432,124
52,440,122
52,448,119
52,456,117
52,464,115
52,472,113
52,480,111
52,488,110
52,496,108
52,504,106
52,512,105
53,8,6785
53,16,3393
53,24,2262
53,32,1697
53,40,1357
53,48,1131
53,56,970
53,64,849
53,72,754
53,80,679
53,88,617
53,96,566
53,104,522
53,112,485
53,120,453
53,128,425
53,136,400
53,144,377
53,152,358
53,160,340
53,168,324
53,176,309
53,184,295
53,192,283
53,200,272
53,208,261
53,216,252
53,224,243
53,232,234
53,240,227
53,248,219
53,256,213
53,264,206
53,272,200
53,280,194
53,288,189
53,296,184
53,304,179
53,312,174
53,320,170
53,328,166
53,336,162
53,344,158
53,352,155
53,360,151
53,368,148
53,376,145
53,384,142
53,392,139
53,400,136
53,408,134
53,416,131
53,424,129
53,432,126
53,440,124
53,448,122
53,456,120
53,464,117
53,472,115
53,480,114
53,488,112
53,496,110
53,504,108
53,512,107
54,8,6913
54,16,3457
54,24,2305
54,32,1729
54,40,1383
54,48,1153
54,56,988
54,64,865
54,72,769
54,80,692
54,88,629
54,96,577
54,104,532
54,112,494
54,120,461
54,128,433
54,136,407
54,144,385
54,152,364
54,160,346
54,168,330
54,176,315
54,184,301
54,192,289
54,200,277
54,208,266
54,216,257
54,224,247
54,232,239
54,240,231
54,248,223
54,256,217
54,264,210
54,272,204
54,280,198
54,288,193
54,296,187
54,304,182
54,312,178
54,320,173
54,328,169
54,336,165
54,344,161
54,352,158
54,360,154
54,368,151
54,376,148
54,384,145
54,392,142
54,400,139
54,408,136
54,416,133
54,424,131
54,432,129
54,440,126
54,448,124
54,456,122
54,464,120
54,472,118
54,480,116
54,488,114
54,496,112
54,504,110
54,512,109
55,8,7041
55,16,3521
55,24,2347
55,32,1761
55,40,1409
55,48,1174
55,56,1006
55,64,881
55,72,783
55,80,705
55,88,641
55,96,587
55,104,542
55,112,503
55,120,470
55,128,441
55,136,415
55,144,392
55,152,371
55,160,353
55,168,336
55,176,321
55,184,307
55,192,294
55,200,282
55,208,271
55,216,261
55,224,252
55,232,243
55,240,235
55,248,228
55,256,221
55,264,214
55,272,208
55,280,202
55,288,196
55,296,191
55,304,186
55,312,181
55,320,177
55,328,172
55,336,168
55,344,164
55,352,161
55,360,157
55,368,154
55,376,150
55,384,147
55,392,144
55,400,141
55,408,139
55,416,136
55,424,133
55,432,131
55,440,129
55,448,126
55,456,124
55,464,122
55,472,120
55,480,118
55,488,116
55,496,114
55,504,112
55,512,111
56,8,7169
56,16,3585
56,24,2390
56,32,1793
56,40,1434
56,48,1195
56,56,1025
56,64,897
56,72,797
56,80,717
56,88,652
56,96,598
56,104,552
56,112,513
56,120,478
56,128,449
56,136,422
56,144,399
56,152,378
56,160,359
56,168,342
56,176,326
56,184,312
56,192,299
56,200,287
56,208,276
56,216,266
56,224,257
56,232,248
56,240,239
56,248,232
56,256,225
56,264,218
56,272,211
56,280,205
56,288,200
56,296,194
56,304,189
56,312,184
56,320,180
56,328,175
56,336,171
56,344,167
56,352,163
56,360,160
56,368,156
56,376,153
56,384,150
56,392,147
56,400,144
56,408,141
56,416,138
56,424,136
56,432,133
56,440,131
56,448,129
56,456,126
56,464,124
56,472,122
56,480,120
56,488,118
56,496,116
56,504,114
56,512,113
57,8,7297
57,16,3649
57,24,2433
57,32,1825
57,40,1460
57,48,1217
57,56,1043
57,64,913
57,72,811
57,80,730
57,88,664
57,96,609
57,104,562
57,112,522
57,120,487
57,128,457
57,136,430
57,144,406
57,152,385
57,160,365
57,168,348
57,176,332
57,184,318
57,192,305
57,200,292
57,208,281
57,216,271
57,224,261
57,232,252
57,240,244
57,248,236
57,256,229
57,264,222
57,272,215
57,280,209
57,288,203
57,296,198
57,304,193
57,312,188
57,320,183
57,328,178
57,336,174
57,344,170
57,352,166
57,360,163
57,368,159
57,376,156
57,384,153
57,392,149
57,400,146
57,408,144
57,416,141
57,424,138
57,432,136
57,440,133
57,448,131
57,456,129
57,464,126
57,472,124
57,480,122
57,488,120
57,496,118
57,504,116
57,512,115
58,8,7425
58,16,3713
58,24,2475
58,32,1857
58,40,1485
58,48,1238
58,56,1061
58,64,929
58,72,825
58,80,743
58,88,675
58,96,619
58,104,572
58,112,531
58,120,495
58,128,465
58,136,437
58,144,413
58,152,391
58,160,372
58,168,354
58,176,338
58,184,323
58,192,310
58,200,297
58,208,286
58,216,275
58,224,266
58,232,257
58,240,248
58,248,240
58,256,233
58,264,225
58,272,219
58,280,213
58,288,207
58,296,201
58,304,196
58,312,191
58,320,186
58,328,182
58,336,177
58,344,173
58,352,169
58,360,165
58,368,162
58,376,158
58,384,155
58,392,152
58,400,149
58,408,146
58,416,143
58,424,141
58,432,138
58,440,135
58,448,133
58,456,131
58,464,129
58,472,126
58,480,124
58,488,122
58,496,120
58,504,118
58,512,117
59,8,7553
59,16,3777
59,24,2518
59,32,1889
59,40,1511
59,48,1259
59,56,1079
59,64,945
59,72,840
59,80,756
59,88,687
59,96,630
59,104,581
59,112,540
59,120,504
59,128,473
59,136,445
59,144,420
59,152,398
59,160,378
59,168,360
59,176,344
59,184,329
59,192,315
59,200,303
59,208,291
59,216,280
59,224,270
59,232,261
59,240,252
59,248,244
59,256,237
59,264,229
59,272,223
59,280,216
59,288,210
59,296,205
59,304,199
59,312,194
59,320,189
59,328,185
59,336,180
59,344,176
59,352,172
59,360,168
59,368,165
59,376,161
59,384,158
59,392,155
59,400,152
59,408,149
59,416,146
59,424,143
59,432,140
59,440,138
59,448,135
59,456,133
59,464,131
59,472,129
59,480,126
59,488,124
59,496,122
59,504,120
59,512,119
60,8,7681
60,16,3841
60,24,2561
60,32,1921
60,40,1537
60,48,1281
60,56,1098
60,64,961
60,72,854
60,80,769
60,88,699
60,96,641
60,104,591
60,112,549
60,120,513
60,128,481
60,136,452
60,144,427
60,152,405
60,160,385
60,168,366
60,176,350
60,184,334
60,192,321
60,200,308
60,208,296
60,216,285
60,224,275
60,232,265
60,240,257
60,248,248
60,256,241
60,264,233
60,272,226
60,280,220
60,288,214
60,296,208
60,304,203
60,312,197
60,320,193
60,328,188
60,336,183
60,344,179
60,352,175
60,360,171
60,368,167
60,376,164
60,384,161
60,392,157
60,400,154
60,408,151
60,416,148
60,424,145
60,432,143
60,440,140
60,448,138
60,456,135
60,464,133
60,472,131
60,480,129
60,488,126
60,496,124
60,504,122
60,512,121
61,8,7809
61,16,3905
61,24,2603
61,32,1953
61,40,1562
61,48,1302
61,56,1116
61,64,977
61,72,868
61,80,781
61,88,710
61,96,651
61,104,601
61,112,558
61,120,521
61,128,489
61,136,460
61,144,434
61,152,411
61,160,391
61,168,372
61,176,355
61,184,340
61,192,326
61,200,313
61,208,301
61,216,290
61,224,279
61,232,270
61,240,261
61,248,252
61,256,245
61,264,237
61,272,230
61,280,224
61,288,217
61,296,212
61,304,206
61,312,201
61,320,196
61,328,191
61,336,186
61,344,182
61,352,178
61,360,174
61,368,170
61,376,167
61,384,163
61,392,160
61,400,157
61,408,154
61,416,151
61,424,148
61,432,145
61,440,142
61,448,140
61,456,137
61,464,135
61,472,133
61,480,131
61,488,129
61,496,126
61,504,124
61,512,123
62,8,7937
62,16,3969
62,24,2646
62,32,1985
62,40,1588
62,48,1323
62,56,1134
62,64,993
62,72,882
62,80,794
62,88,722
62,96,662
62,104,611
62,112,567
62,120,530
62,128,497
62,136,467
62,144,441
62,152,418
62,160,397
62,168,378
62,176,361
62,184,346
62,192,331
62,200,318
62,208,306
62,216,294
62,224,284
62,232,274
62,240,265
62,248,257
62,256,249
62,264,241
62,272,234
62,280,227
62,288,221
62,296,215
62,304,209
62,312,204
62,320,199
62,328,194
62,336,189
62,344,185
62,352,181
62,360,177
62,368,173
62,376,169
62,384,166
62,392,162
62,400,159
62,408,156
62,416,153
62,424,150
62,432,147
62,440,145
62,448,142
62,456,140
62,464,137
62,472,135
62,480,133
62,488,131
62,496,129
62,504,126
62,512,125
63,8,8065
63,16,4033
63,24,2689
63,32,2017
63,40,1613
63,48,1345
63,56,1153
63,64,1009
63,72,897
63,80,807
63,88,734
63,96,673
63,104,621
63,112,577
63,120,538
63,128,505
63,136,475
63,144,449
63,152,425
63,160,404
63,168,385
63,176,367
63,184,351
63,192,337
63,200,323
63,208,311
63,216,299
63,224,289
63,232,279
63,240,269
63,248,261
63,256,253
63,264,245
63,272,238
63,280,231
63,288,225
63,296,218
63,304,213
63,312,207
63,320,202
63,328,197
63,336,193
63,344,188
63,352,184
63,360,180
63,368,176
63,376,172
63,384,169
63,392,165
63,400,162
63,408,159
63,416,156
63,424,153
63,432,150
63,440,147
63,448,145
63,456,142
63,464,140
63,472,137
63,480,135
63,488,133
63,496,131
63,504,129
63,512,127
